<PAMDataset>
  <SRS>PROJCS["WGS 84 / Pseudo-Mercator",GEOGCS["WGS 84",DATUM["WGS_1984",SPHEROID["WGS 84",6378137,298.257223563,AUTHORITY["EPSG","7030"]],AUTHORITY["EPSG","6326"]],PRIMEM["Greenwich",0,AUTHORITY["EPSG","8901"]],UNIT["degree",0.0174532925199433,AUTHORITY["EPSG","9122"]],AUTHORITY["EPSG","4326"]],PROJECTION["Mercator_1SP"],PARAMETER["central_meridian",0],PARAMETER["scale_factor",1],PARAMETER["false_easting",0],PARAMETER["false_northing",0],UNIT["metre",1,AUTHORITY["EPSG","9001"]],AXIS["X",EAST],AXIS["Y",NORTH],EXTENSION["PROJ4","+proj=merc +a=6378137 +b=6378137 +lat_ts=0.0 +lon_0=0.0 +x_0=0.0 +y_0=0 +k=1.0 +units=m +nadgrids=@null +wktext +no_defs"],AUTHORITY["EPSG","3857"]]</SRS>
  <GeoTransform> -8.2446928603089340e+06,  7.9676134639761576e-01,  0.0000000000000000e+00,  4.8704149560558256e+06,  0.0000000000000000e+00, -7.9653878807555623e-01</GeoTransform>
  <Metadata domain="IMAGE_STRUCTURE">
    <MDI key="INTERLEAVE">PIXEL</MDI>
  </Metadata>
  <Metadata>
    <MDI key="AREA_OR_POINT">Area</MDI>
  </Metadata>
  <PAMRasterBand band="1">
    <NoDataValue>0.00000000000000E+00</NoDataValue>
  </PAMRasterBand>
  <PAMRasterBand band="2">
    <NoDataValue>0.00000000000000E+00</NoDataValue>
  </PAMRasterBand>
  <PAMRasterBand band="3">
    <NoDataValue>0.00000000000000E+00</NoDataValue>
  </PAMRasterBand>
  <PAMRasterBand band="4">
    <NoDataValue>0.00000000000000E+00</NoDataValue>
  </PAMRasterBand>
</PAMDataset>
